,City,Country,Lat,Lng,Humidity,Hotel Name
0,tiksi,RU,71.6872,128.8694,95,Арктика
1,tonsberg,NO,59.2675,10.4076,94,Thon Hotel Tønsberg Brygge
2,punta arenas,CL,-53.15,-70.9167,80,Hotel Lacolet
3,la'ie,US,21.6477,-157.9253,77,No hotel found
4,namibe,AO,-15.1961,12.1522,73,Hotel Chik Chik Namibe
5,urangan,AU,-25.3,152.9,69,Ramada
6,ushuaia,AR,-54.8,-68.3,87,Apart Hotel Aires del Beagle
7,papatowai,NZ,-46.5619,169.4708,82,No hotel found
8,bethel,US,41.3712,-73.414,90,Hampton Inn Danbury
9,yerofey pavlovich,RU,53.9667,121.9667,63,No hotel found
10,blackmans bay,AU,-43.0167,147.3167,78,Villa Howden
11,iskateley,RU,67.6803,53.1512,78,Авантаж
12,mossel bay,ZA,-34.1831,22.146,92,Protea Hotel Mossel Bay
13,hermanus,ZA,-34.4187,19.2345,93,Aloe guest house
14,puerto natales,CL,-51.7236,-72.4875,81,Dorotea Patagonia Hostel
15,yellowknife,CA,62.456,-114.3525,69,No hotel found
16,adamstown,PN,-25.066,-130.1015,80,No hotel found
17,kaa-khem,RU,51.6833,94.7333,47,No hotel found
18,port-aux-francais,TF,-49.35,70.2167,91,Keravel
19,zambezi,ZM,-13.5432,23.1047,12,No hotel found
20,yuzhno-kurilsk,RU,44.0306,145.8556,73,Dom Druzhby
21,grytviken,GS,-54.2811,-36.5092,97,No hotel found
22,tura,IN,25.5198,90.2201,98,No hotel found
23,la passe,FR,45.5549,-0.8967,32,L'Estuaire
24,longyearbyen,SJ,78.2186,15.6401,64,The Vault
25,ivdel',RU,60.6911,60.4206,58,гостиница Ивдель
26,embi,KZ,48.8264,58.1442,78,No hotel found
27,new plymouth,NZ,-39.0667,174.0833,86,Carrington Motel
28,floro,NO,61.5996,5.0328,93,Comfort Hotel Victoria Florø
29,ribeira grande,PT,38.5167,-28.7,68,Hospedaria JSF
30,axel,NL,51.2667,3.9083,80,Dallinga
31,klyuchi,RU,52.2667,79.1667,39,No hotel found
32,nuuk,GL,64.1835,-51.7216,86,Nordbo
33,borgarnes,IS,64.5383,-21.9206,72,Borgarnes
34,edinburgh of the seven seas,SH,-37.0676,-12.3116,67,No hotel found
35,hithadhoo,MV,-0.6,73.0833,71,Pebbles Inn
36,castillos,UY,-34.1667,-53.8333,69,A mi gente
37,waitangi,NZ,-43.9535,-176.5597,88,Hotel Chathams
38,keflavik,IS,64.0049,-22.5624,87,Núpan Deluxe
39,talnakh,RU,69.4865,88.3972,100,Талнах
40,oranjemund,,-28.55,16.4333,75,Op My Stoep
41,kerikeri,NZ,-35.2268,173.9474,95,Avalon Resort
42,bredasdorp,ZA,-34.5322,20.0403,95,Victoria Hotel
43,christchurch,NZ,-43.5333,172.6333,55,Ibis Hotel Christchurch
44,aasiaat,GL,68.7098,-52.8699,74,SØMA
45,polyarnyy,RU,69.1989,33.4478,70,No hotel found
46,constantia,RO,44.1833,28.65,44,Hotel Chérica
47,rabo de peixe,PT,37.8,-25.5833,73,Pico do Refugio
48,dudinka,RU,69.4058,86.1778,92,Виктория
49,ilulissat,GL,69.2167,-51.1,80,Best Western Plus Hotel Ilulissat
50,vorgashor,RU,67.5833,63.95,85,София
51,albany,US,42.6001,-73.9662,88,No hotel found
52,ust-nera,RU,64.5667,143.2,71,"гостиница ""Солнечная"""
53,udachny,RU,66.4167,112.4,79,Вилюй
54,atafu village,TK,-8.5421,-172.5159,77,No hotel found
55,srivardhan,IN,18.0333,73.0167,77,No hotel found
56,bilibino,RU,68.0546,166.4372,95,No hotel found
57,marsh harbour,BS,26.5412,-77.0636,73,Lofty Fig Villas
58,hamilton,US,39.1834,-84.5333,95,North Vista Manor
59,halifax,CA,44.6453,-63.5724,97,Four Points by Sheraton Halifax
60,mount isa,AU,-20.7333,139.5,17,Ibis Styles
61,madinat sittah uktubar,EG,29.8167,31.05,30,No hotel found
62,toliara,MG,-23.35,43.6667,42,Ambary
63,illizi,DZ,26.4833,8.4667,18,بوناقة
64,east london,ZA,-33.0153,27.9116,94,No hotel found
65,siwa oasis,EG,29.2041,25.5195,30,فندق الكيلانى
66,koshki,RU,54.2091,50.4677,37,У Карловича
67,invercargill,NZ,-46.4,168.35,84,The Grand
68,st. john's,CA,47.5649,-52.7093,92,Alt Hotel
69,onega,RU,63.9061,38.1404,73,"Гостевой комплекс ""Алёнушка"""
70,afaahiti,PF,-17.75,-149.2833,81,Omati Lodge
71,utrik,MH,11.2278,169.8474,72,No hotel found
72,abepura,ID,-2.6333,140.5833,78,Yoyo
73,port elizabeth,ZA,-33.918,25.5701,96,Waterford Hotel
74,bomdila,IN,27.25,92.4,100,Seagull
75,wailua homesteads,US,22.0669,-159.378,80,Hilton Garden Inn Kauai Wailua Bay
76,villa gesell,AR,-37.2639,-56.973,64,Hotel El Faro
77,mlangali,TZ,-9.7833,34.5167,40,No hotel found
78,shuangjiang,CN,26.1547,109.7138,85,No hotel found
79,tlahualilo de zaragoza,MX,26.1167,-103.45,83,No hotel found
80,margaret river,AU,-33.95,115.0667,77,Margaret River Hotel
81,xai-xai,MZ,-25.0519,33.6442,46,No hotel found
82,piton saint-leu,RE,-21.2196,55.3151,57,Appartement Piton Saint Leu
83,enewetak,MH,11.3474,162.3373,75,No hotel found
84,sodo,ET,6.8642,37.7628,50,No hotel found
85,valparaiso,CL,-33.0393,-71.6273,76,Ibis Hotel
86,pisco,PE,-13.7,-76.2167,88,La Portada
87,college,US,64.8569,-147.8028,96,BEST WESTERN PLUS Pioneer Park Inn
88,morwa,IN,22.9,73.8333,50,No hotel found
89,barreirinhas,BR,-2.7469,-42.8264,60,Pousada Matriz
90,taoudenni,ML,22.6783,-3.9836,9,No hotel found
91,kavaratti,IN,10.5669,72.642,65,No hotel found
92,cockburn town,TC,21.4612,-71.1419,75,The Salt Raker Inn
93,thompson,CA,55.7435,-97.8558,100,Thompson Inn
94,port alfred,ZA,-33.5906,26.891,99,No hotel found
95,iqaluit,CA,63.7506,-68.5145,81,Frobisher Inn
96,zonguldak,TR,41.25,31.8333,34,No hotel found
97,olonkinbyen,SJ,70.9221,-8.7187,66,No hotel found
98,cocieri,MD,47.3075,29.1103,27,Stațiune balneară
99,mangrol,IN,21.1167,70.1167,67,No hotel found
100,anadyr,RU,64.75,177.4833,93,Гостевой дом
101,bayramaly,TM,37.6185,62.1671,27,No hotel found
102,sumberpucung,ID,-8.1586,112.4829,89,DW Hotel
103,petropavlovsk-kamchatsky,RU,53.0452,158.6483,88,ООО Постоялый двор
104,szczecin,PL,53.4289,14.553,86,Radisson Blu
105,kahuta,PK,33.5913,73.3868,16,No hotel found
106,hasaki,JP,35.7333,140.8333,41,大新旅館
107,walvis bay,,-22.9575,14.5053,63,Atlantic
108,labytnangi,RU,66.6572,66.4183,67,Семь лиственниц
109,saint-denis,FR,48.9167,2.3333,60,Tribe
110,puerto baquerizo moreno,EC,-0.9,-89.6,79,Dory's House
111,el porvenir,HN,13.7617,-87.3458,95,No hotel found
112,remire-montjoly,GF,4.9167,-52.2667,94,Complexe Belova
113,sitka,US,57.0531,-135.33,94,Aspen Suites Hotel
114,nova sintra,CV,14.8667,-24.7167,76,Residência Ka Dencho
115,pacific grove,US,36.6177,-121.9166,57,Pacific Grove Inn
116,lerwick,GB,60.1545,-1.1494,93,Grand Hotel
117,saint-philippe,RE,-21.3585,55.7679,73,Le Baril
118,oyotun,PE,-6.8519,-79.3036,90,No hotel found
119,murzuq,LY,25.9155,13.9184,20,فندق باريس - مرزق
120,vorzel',UA,50.5444,30.153,34,Ірис
121,hawaiian paradise park,US,19.5933,-154.9731,94,No hotel found
122,bom jesus,BR,-9.0744,-44.3586,25,Hotel Brasão
123,el granada,US,37.5027,-122.4694,59,Beach House
124,akhalk'alak'i,GE,41.4051,43.4863,39,Hotel Gold
125,lubao,PH,14.9167,120.55,87,Hacienda de Gracia Resort
126,seydi,TM,39.4816,62.9137,52,No hotel found
127,warrensburg,US,38.7628,-93.7361,81,Days Inn by Wyndham Warrensburg
128,songea,TZ,-10.6833,35.65,44,No hotel found
129,abalak,RU,58.1286,68.5944,70,No hotel found
130,akjoujt,MR,19.6969,-14.4164,19,فندق فاطمة
131,lazaro cardenas,MX,17.9583,-102.2,89,Hotel Sol del Pacífico
132,zhaotong,CN,27.3167,103.7167,92,Autumn Hotel
133,dhidhdhoo,MV,6.8833,73.1,77,Cinnamon Island
134,alaghsas,NE,17.0187,8.0168,19,Hôtel Zagado
135,ambon,ID,-3.6954,128.1814,95,Hotel Hero
136,alofi,NU,-19.0595,-169.9187,77,Matavai Resort
137,mahdalynivka,UA,48.921,34.9156,32,No hotel found
138,alice springs,AU,-23.7,133.8833,19,Aurora Alice Springs
139,tazovsky,RU,67.4667,78.7,72,Тазовчанка
140,chibougamau,CA,49.9168,-74.3659,94,No hotel found
141,kone,NC,-21.0595,164.8658,80,Pacifik Appartels
142,cabo san lucas,MX,22.8909,-109.9124,76,Comfort Rooms
143,lichinga,MZ,-13.3128,35.2406,53,Residencial 2+1
144,balpyk bi,KZ,44.8947,78.2083,29,No hotel found
145,khorramabad,IR,33.4878,48.3558,13,هتل رنگین کمان
146,heroica caborca,MX,30.7167,-112.15,31,Hotel Posada del Desierto
147,hammerfest,NO,70.6634,23.6821,87,Thon Hotel Hammerfest
148,emerald,AU,-23.5333,148.1667,29,Emerald Central Hotel
149,nouadhibou,MR,20.931,-17.0347,69,Hotel valencia
150,kourou,GF,5.1552,-52.6478,81,SCI Horizon
151,puerto ayora,EC,-0.7393,-90.3518,93,Hostal La Mirada De Solitario George
152,margate,GB,51.3813,1.3862,70,The Reading Rooms
153,guerrero negro,MX,27.9769,-114.0611,88,Plaza sal paraiso
154,qui nhon,VN,13.7667,109.2333,83,TMS Quy Nhơn - Home ở đây!
155,ujae,MH,8.9322,165.7642,77,No hotel found
156,kingston,JM,17.997,-76.7936,88,Aphrodite Hotel
157,klucze,PL,50.3357,19.5624,73,Lawendowy Dworek
158,beau vallon,MU,-20.4189,57.6953,53,Le Jardin de Beau Vallon
159,minas de marcona,PE,-15.2119,-75.1103,89,No hotel found
160,brisas de zicatela,MX,15.8369,-97.0419,87,Casa de Olas
161,whitefish,US,48.4111,-114.3376,87,The Firebrand Hotel
162,stanley,GB,54.868,-1.6985,86,Hotel 52
163,kaedi,MR,16.1465,-13.5047,41,فندق يوتي
164,wanning,CN,18.8003,110.3967,82,No hotel found
165,tralee,IE,52.2704,-9.7026,94,The Ashe Hotel
166,zaysan,KZ,47.4667,84.8667,43,Рахат қонақүй
167,fort bragg,US,35.139,-79.006,92,Airborne Inn Lodging
168,chonchi,CL,-42.6128,-73.8092,95,Hotel Huildín
169,scottburgh,ZA,-30.2867,30.7532,71,Blue Marlin Hotel
170,katsuura,JP,35.1333,140.3,47,潮騒の宿
171,callao,PE,-12.0667,-77.15,82,Casa Ronald
172,okahandja,,-21.9833,16.9167,7,Okahandja Country Hotel
173,dezhou,CN,37.4486,116.2925,44,No hotel found
174,badger,US,64.8,-147.5333,95,Hotel North Pole
175,bubaque,GW,11.2833,-15.8333,76,Chez Julio
176,neka,IR,36.6508,53.299,53,هتل میلاد نکا
177,lebu,CL,-37.6167,-73.65,85,No hotel found
178,teotitlan,MX,18.1319,-97.0767,94,No hotel found
179,avarua,CK,-21.2078,-159.775,94,Paradise Inn
180,praia da vitoria,PT,38.7333,-27.0667,88,Salles
181,gereida,SD,11.2811,25.1414,33,No hotel found
182,barakani,KM,-12.1356,44.4317,75,Al Amal
183,kashgar,CN,39.4547,75.9797,19,深航国际酒店
184,nar'yan-mar,RU,67.6713,53.087,78,"Гостиница ""Агат"""
185,isafjordur,IS,66.0755,-23.124,65,Hótel Horn
186,weno,FM,7.4515,151.8468,77,High Tide Hotel
187,vilyuysk,RU,63.7553,121.6247,65,Мария
188,calama,CL,-22.4667,-68.9333,33,Apart Hotel Geotel Calama
189,kolonia town,FM,6.964,158.206,76,Cliff Rainbow Hotel
190,ouddorp,NL,51.8117,3.9347,81,Akershoek
191,new norfolk,AU,-42.7826,147.0587,93,Woodbridge on the Derwent
192,bodaybo,RU,57.8506,114.1933,97,НОЙ
193,tamiahua,MX,21.2667,-97.45,93,No hotel found
194,colonia,DE,50.9333,6.95,66,Wasserturm Hotel Cologne
195,obo,CF,5.3998,26.4869,45,No hotel found
196,mar del plata,AR,-38.0023,-57.5575,81,Nuevo Ostende
197,arraial do cabo,BR,-22.9661,-42.0278,94,No hotel found
198,mont-dore,NC,-22.2833,166.5833,76,Les Cases de Plum
199,tayga,RU,56.06,85.6197,67,No hotel found
200,susuman,RU,62.7833,148.1667,82,No hotel found
201,beberibe,BR,-4.1797,-38.1306,67,Pousada Ibitu
202,mili,MH,6.0815,171.735,74,No hotel found
203,galesong,ID,-5.3166,119.3661,64,No hotel found
204,uaua,BR,-9.8414,-39.4817,59,Hotel Uauá
205,crucecita,AR,-28.95,-58.9833,65,No hotel found
206,rongelap,MH,11.1635,166.8941,74,No hotel found
207,cooma,AU,-36.2333,149.1333,89,Royal Hotel
208,howrah,IN,22.5892,88.3103,74,Sun India Guest House
209,sisimiut,GL,66.9395,-53.6735,73,Sømandshjemmet
210,smithers,CA,54.7804,-127.1743,100,Sunshine Inn Hotel
211,vadso,NO,70.0744,29.7487,81,Scandic Vadsø
212,hancheng,CN,32.5186,112.3522,90,No hotel found
213,san lawrenz,MT,36.0553,14.204,74,Ta Majsi
214,bull savanna,JM,17.8868,-77.5902,85,Junction Guest House
215,usinsk,RU,65.9939,57.5281,80,общежитие Лукойл-Коми
216,broome,US,42.2506,-75.833,93,No hotel found
217,papao,PF,-17.75,-149.55,79,Hiti Moana Villa Lodge
218,kodiak,US,57.79,-152.4072,91,Shelikof Lodge
219,bijie,CN,27.3125,105.2942,93,福朋喜来登酒店
220,soto la marina,MX,23.7667,-98.2167,89,Arellano
221,crane,US,31.3974,-102.3501,64,No hotel found
222,nova xavantina,BR,-14.6667,-52.35,49,Hotel Morada do Sol
223,west island,CC,-12.1568,96.8225,78,Cocos Village Bungalows
224,bangaon,IN,23.0667,88.8167,84,Maa Santoshi Lodge
225,khalkhal,IR,37.6189,48.5258,35,خانه معلم
226,georgetown,MY,5.4112,100.3354,78,Page 63 hostel
227,gadzhiyevo,RU,69.2551,33.3362,70,Оазис
228,flying fish cove,CX,-10.4217,105.6791,88,Christmas Island Lodge
229,garoowe,SO,8.4054,48.4845,34,Red Sea
230,nagqu,CN,31.5,92.0,27,Naqu Hotel
231,baruun-urt,MN,46.6806,113.2792,26,No hotel found
232,port lincoln,AU,-34.7333,135.8667,68,Boston Hotel
233,kailua-kona,US,19.6406,-155.9956,85,Kona Seaside Hotel
234,midvagur,FO,62.0511,-7.1939,70,Hotel Vágar
235,gisborne,NZ,-38.6533,178.0042,92,Portside Hotel
236,sorgun,TR,39.8101,35.186,20,Sorgun Büyük Termal Otel
237,dehui,CN,44.5333,125.7,53,No hotel found
238,dergachi,RU,51.2328,48.7659,37,No hotel found
239,beira,MZ,-19.8436,34.8389,79,Hotel Savoy
240,sweetwater,US,25.7634,-80.3731,96,Courtyard by Marriott Miami at Dolphin Mall
241,sungai penuh,ID,-2.0833,101.3833,93,Hotel Matahari
242,billund,DK,55.7335,9.1078,94,Refborg Hotel Billund
243,bleckede,DE,53.3,10.7333,83,Elbhotel Bleckede
244,weining,CN,26.85,104.2333,93,No hotel found
245,newman,US,37.3138,-121.0208,46,No hotel found
246,robore,BO,-18.3333,-59.75,41,Lajas
247,port isabel,US,26.0734,-97.2086,85,Queen Isabel Inn
248,luanda,AO,-8.8368,13.2343,83,Hotel Forum
249,glace bay,CA,46.1969,-59.957,93,No hotel found
250,mirny,RU,62.5353,113.9611,100,Зарница
251,rehoboth,,-23.3167,17.0833,14,Suidwes Hotel
252,paracuru,BR,-3.41,-39.0306,66,Vento Brasil
253,port mathurin,MU,-19.6833,63.4167,75,Escale Vacances
254,pierre,US,44.3683,-100.351,50,Quality Inn
255,waddan,LY,29.1614,16.139,39,No hotel found
256,kostomuksha,RU,64.571,30.5767,48,Хозяюшка
257,san luis,AR,-33.295,-66.3356,32,Hotel Dos Venados
258,piacabucu,BR,-10.4056,-36.4344,60,O Leão
259,togur,RU,58.3631,82.8265,60,Визит
260,tommot,RU,58.9564,126.2925,73,Томмот
261,berezovyy,RU,51.6667,135.7,91,No hotel found
262,qaqortoq,GL,60.7167,-46.0333,83,Hotel Qaqortoq
263,kendari,ID,-3.945,122.4989,75,City Hotel Kendari
264,djambala,CG,-2.5447,14.7533,79,No hotel found
265,carnarvon,AU,-24.8667,113.6333,76,No hotel found
266,tumayr,SA,25.7039,45.868,14,No hotel found
267,zeya,RU,53.75,127.2667,47,Серебряный створ
268,katima mulilo,,-17.5,24.2667,9,Zambezi River Lodge
269,aripuana,BR,-9.1667,-60.6333,45,No hotel found
270,gafanha da nazare,PT,40.6362,-8.7134,42,Hotel Barra
271,tullamore,IE,53.2739,-7.4889,86,Bridge House Hotel
272,ilomantsi,FI,62.6716,30.9328,62,Pogostan Hovi
273,yigo village,GU,13.5361,144.8886,86,No hotel found
274,ulladulla,AU,-35.35,150.4667,58,Hotel Marlin
275,hilo,US,19.7297,-155.09,91,Dolphin Bay Hotel
276,nadym,RU,65.5333,72.5167,66,Янтарная
277,taradale,NZ,-39.5333,176.85,92,Ali Almajidi
278,axim,GH,4.8699,-2.2405,80,Axim Beach Hotel
279,gongzhuling,CN,43.5008,124.8198,50,7天优品酒店
280,maragogi,BR,-9.0122,-35.2225,76,Pousada Mariluz
281,saladan,TH,7.6134,99.0365,80,KoHub Apartments
282,tolanaro,MG,-25.0319,46.9987,48,Hôtel Mahavokey
283,saldanha,ZA,-33.0117,17.9442,76,Hoedjesbaai
284,parauapebas,BR,-6.0675,-49.9022,88,Hotel Igarapé
285,okha,RU,53.5739,142.9478,75,Сфера
286,qa'en,IR,33.7265,59.1844,29,No hotel found
287,grand falls-windsor,CA,48.9332,-55.6649,90,Hotel Robin Hood
288,manadhoo,MV,5.7667,73.3833,80,Iru fushi beach & spa resort
289,cheboksary,RU,56.1322,47.2519,54,Чувашия
290,kuybyshev,RU,55.4475,78.3218,47,Юбилейная
291,port macquarie,AU,-31.4333,152.9167,72,The Observatory
292,vila velha,BR,-20.3297,-40.2925,85,Hotel Prainha
293,lauro de freitas,BR,-12.8944,-38.3272,78,Malibu Plaza Hotel
294,letlhakeng,BW,-24.0944,25.0298,6,No hotel found
295,monrovia,LR,6.3005,-10.7969,79,Bella Casa Hotel
296,sidney,AU,-33.8679,151.2073,61,The Westin
297,igarka,RU,67.4667,86.5833,91,Заполярье
298,robertsport,LR,6.7533,-11.3686,81,Nana's Lodge
299,sibi,PK,29.5448,67.8764,12,Baba Hotel & Restaurant (بابا ھوٹل ریسٹورنٹ)
300,nandu,CN,22.8525,110.8233,76,No hotel found
301,laojunmiao,CN,39.8333,97.7333,30,No hotel found
302,vilyuchinsk,RU,52.9306,158.4028,84,Победа
303,beaufort west,ZA,-32.3567,22.583,36,Matoppo Inn
304,egilsstadir,IS,65.2653,-14.3948,69,Valaskjálf
305,kwang binh,VN,17.4833,106.6,82,Nhà hàng Amor Palace
306,birjand,IR,32.8663,59.2211,16,مهمانسرای جهانگردی بیرجند
307,changleng,CN,28.7,115.8167,70,前湖酒店
308,yurga,RU,55.7231,84.8861,63,Цитадель
309,keminmaa,FI,65.8596,24.8228,70,No hotel found
310,happy valley-goose bay,CA,53.3168,-60.3315,88,Hotel North Two
311,lodja,CD,-3.4833,23.4333,25,No hotel found
312,vila franca do campo,PT,37.7167,-25.4333,78,Vinha d'Areia Beach Hotel
313,simitli,BG,41.8833,23.1167,53,Найс
314,zaozersk,RU,69.4005,32.4476,73,Северное сияние
315,port lavaca,US,28.615,-96.6261,95,La Quinta Inn & Suites
316,bunia,CD,1.5667,30.25,57,Hôtel Golden Star
317,lompoc,US,34.6391,-120.4579,66,Embassy Suites by Hilton Lompoc Central Coast
318,pizarro,CO,4.9533,-77.366,90,No hotel found
319,sal rei,CV,16.1833,-22.9167,70,Hotel Marine Club
320,lysogorskaya,RU,44.1064,43.2756,39,No hotel found
321,kapuskasing,CA,49.4169,-82.4331,87,Travelodge
322,kirensk,RU,57.7853,108.1119,96,Ивушка
323,humaita,BR,-7.5061,-63.0208,53,Humaita Quality Hotel
324,palmer,US,42.1584,-72.3287,81,No hotel found
325,puerto ayacucho,VE,5.6639,-67.6236,91,Hotel VENETUR Amazonas
326,fort mcmurray,CA,56.7268,-111.381,86,Nomad Hotel and Suites
327,odienne,CI,9.51,-7.5692,77,Hotel Frontière
328,khandyga,RU,62.6667,135.6,96,Апельсин
329,baley,RU,51.6,116.6333,52,Тасеевское
330,mount airy,US,36.4993,-80.6073,83,Knights Inn Mount Airy
331,labrador city,CA,52.9463,-66.9114,94,Carol Inn
332,sanctuary point,AU,-35.1114,150.629,58,Dungowan Accommodation
333,novo aripuana,BR,-5.1206,-60.3797,58,Hotel Novo Aripuanã
334,rio grande,BR,-32.035,-52.0986,74,Hotel Vila Moura Executivo
335,shumerlya,RU,55.5005,46.4129,47,Центральная
336,kharhial,IN,20.2833,82.7667,71,No hotel found
337,quelimane,MZ,-17.8786,36.8883,52,Mabassa
338,chester,US,40.1254,-75.8749,97,Holiday Inn
339,syktyvkar,RU,61.6764,50.8099,87,Гостиница KHOL.IN
340,cam pha mines,VN,21.0167,107.3,80,Hai Yen Luxury Hotel
341,borogontsy,RU,62.6683,131.1683,97,No hotel found
342,lobujya,NP,27.95,86.8167,85,Himalaya Lodge
343,i-n-salah,DZ,27.1935,2.4607,18,باجودة
344,tsiombe,MG,-25.3,45.4833,18,No hotel found
345,arteche,PH,12.2645,125.4048,84,No hotel found
346,lichuan,CN,30.3,108.85,99,No hotel found
347,broken hill,AU,-31.95,141.4333,48,Ibis Styles
348,sabha,LY,27.0377,14.4283,22,فندق الكاظم-سبها
349,mbekenyera,TZ,-10.0,38.9833,36,No hotel found
350,ibiza,ES,38.9088,1.433,76,"Gran Hotel Montesol Ibiza, Curio Collection by Hilton"
351,bozeman,US,45.6796,-111.0386,78,Kimpton Armory Hotel Bozeman
352,abra pampa,AR,-22.7205,-65.697,12,Residencia El Norte
353,port-vila,VU,-17.7338,168.3219,94,Holiday Inn Resort Vanuatu
354,luderitz,,-26.6481,15.1594,65,Seaview Hotel Zum Sperrgebiet
355,villa angela,AR,-27.5738,-60.7153,59,El Refugio Hotel & Suites
356,caleta de carquin,PE,-11.0925,-77.6267,93,Hotel Mi Choacan
357,nalut,LY,30.3333,10.85,28,No hotel found
358,sao joao del rei,BR,-21.1356,-44.2617,71,Pousada dos sinos
359,hadibu,YE,12.65,54.0333,63,No hotel found
360,quellon,CL,-43.1167,-73.6167,84,Aliwen
361,kangding,CN,30.0513,101.9603,99,溜溜城格桑花大酒店
362,touros,BR,-5.1989,-35.4608,65,Pousada Atlântico
363,portland,US,45.5234,-122.6762,84,the Hoxton
364,nogliki,RU,51.8333,143.1667,86,Ноглики
365,taiyuan,CN,37.8694,112.5603,51,汾酒大厦
366,danghara,TJ,38.0958,69.34,59,Hotel and Restaurant in Danghara
367,bayanhongor,MN,46.7167,100.1167,54,No hotel found
368,severo-yeniseyskiy,RU,60.3725,93.0408,94,Актолик
369,cruzeiro do sul,BR,-29.5128,-51.9853,93,Estrela Palace Hotel
370,dalandzadgad,MN,43.5708,104.425,28,Хан Уул буудал
371,hakui,JP,36.8833,136.7833,64,ビジネスホテル羽音碧々
372,letterkenny,IE,54.95,-7.7333,96,Letterkenny Court Hotel
373,nacala,MZ,-14.5428,40.6728,55,Indico Apart Hotel 2
374,san luis de la loma,MX,17.2706,-100.8939,87,No hotel found
375,jamestown,US,42.097,-79.2353,96,DoubleTree Jamestown
376,lapeer,US,43.0514,-83.3188,94,Holiday Inn Express Lapeer
377,mahina,PF,-17.5065,-149.489,78,Motu Martin
378,rodolfo sanchez taboada,MX,31.7167,-116.5667,47,Estero Beach Resort
379,suva,FJ,-18.1416,178.4415,64,Extension 68
380,ciudad bolivar,VE,8.1222,-63.5497,88,Paoca
381,berdyansk,UA,46.7503,36.7944,45,No hotel found
382,cromer,GB,52.9312,1.2989,78,Hotel de Paris
383,nova vicosa,BR,-17.8919,-39.3719,80,Pousada Pontal da Barra
384,akureyri,IS,65.6835,-18.0878,60,Hótel Norðurland
385,mikuni,JP,36.2171,136.1519,63,三国観光ホテル
386,kovdor,RU,67.5662,30.4758,57,Уют
387,tomatlan,MX,19.9333,-105.25,93,Hotel Hacienda Vieja Tomatlan
388,duyun,CN,26.2667,107.5167,95,No hotel found
389,dryden,CA,49.7833,-92.7503,100,Holiday Inn Express
390,saint john,CA,45.2727,-66.0677,100,Hilton Garden Inn
391,tazacorte,ES,28.629,-17.9293,37,App Leyma
392,karbala,IQ,32.616,44.0249,17,فندق القمر
393,ksar el kebir,MA,35.0017,-5.9053,22,Hotel Ksar al Yamama
394,tofol,FM,5.3248,163.0078,94,Nautilus Resort
395,point pedro,LK,9.8167,80.2333,75,Iru Lodge Guesthouse
396,darnah,LY,32.767,22.6367,59,فندق الفردوس
397,kudahuvadhoo,MV,2.6708,72.8944,78,Hotel Riu Palace Maldivas
398,nyons,FR,44.3333,5.1667,31,Colombet
399,chizhou,CN,30.6578,117.4831,75,No hotel found
400,sechura,PE,-5.5569,-80.8222,87,Hospedaje Claritza
401,tikhvin,RU,59.6451,33.5294,60,Тихвин
402,taltal,CL,-25.4,-70.4833,82,Hostería Taltal
403,whitehorse,CA,60.7161,-135.0538,76,Town & Mountain Hotel
404,mount pearl,CA,47.5166,-52.7813,92,Sandman Signature St. John's
405,ouani,KM,-12.1322,44.4258,75,Al Amal
406,addiet canna,ET,11.2667,37.4833,45,No hotel found
407,sandnessjoen,NO,66.0217,12.6316,73,Scandic Syv Søstre
408,dikhil,DJ,11.5,42.1667,15,No hotel found
409,yinchuan,CN,38.4681,106.2731,48,Yinchuan hotel
410,carolina beach,US,34.0352,-77.8936,94,Carolina Beach Inn
411,gorodoviki,RU,46.1353,41.9656,36,No hotel found
412,cidade velha,CV,14.9167,-23.6167,66,Encosta Azul
413,dakhla,EH,23.6848,-15.958,35,Hotel El Massira
414,dwarka,IN,22.2394,68.9678,68,The Dwarika Hotel
415,port moresby,PG,-9.4431,147.1797,94,The Sanctuary Hotel and Spa
416,baker city,US,44.7749,-117.8344,73,Geiser Grand Hotel
417,camayenne,GN,9.535,-13.6878,94,Palm Camayenne
418,sinabang,ID,2.4803,96.3801,79,No hotel found
419,ghat,LY,24.9647,10.1728,20,فندق تاسيلي
420,north platte,US,41.1239,-100.7654,62,Howard Johnson Inn - North Platte
421,kurakhovo,UA,47.9852,37.2821,44,Гостинний двір
422,loja,EC,-3.9931,-79.2042,82,Hostal America
423,eyl,SO,7.9803,49.8164,49,فندق ايل دابي
424,ancud,CL,-41.8697,-73.8203,78,Cabañas
425,lata,PT,40.1629,-8.3327,47,Residencial Botânico
426,praia,CV,14.9215,-23.5087,66,Casa Sodadi
427,shingu,JP,33.7333,135.9833,65,ホテルニューパレス
428,anna regina,GY,7.2644,-58.5077,78,Jaigobin Hotel
429,anloga,GH,5.7947,0.8973,73,Hotel de White House
430,sao joao do piaui,BR,-8.3581,-42.2467,38,Hotel Esplanada
431,vorkuta,RU,67.5,64.0,84,"""Мегаполис"""
432,pavlodar,KZ,52.3,76.95,34,Север
433,ivankiv,UA,50.9386,29.8943,33,Надія
434,haiku-pauwela,US,20.9219,-156.3051,77,Inn At Mama's Fish House
435,yurimaguas,PE,-5.9,-76.0833,75,Hotel Rio Huallaga
436,falam,MM,22.9167,93.6833,97,No hotel found
437,dayr mawas,EG,27.6418,30.8466,26,No hotel found
438,mana,GF,5.6592,-53.7767,78,Le Samana
439,santa terezinha,BR,-29.9002,-50.0904,86,Pousada Santa Terezinha
440,tadine,NC,-21.55,167.8833,65,Hôtel Nengoné
441,dunay,RU,42.8803,132.3375,56,No hotel found
442,morondava,MG,-20.2833,44.2833,61,Hotel Sharon Menabe
443,khanty-mansiysk,RU,61.0042,69.0019,50,Гамма
444,panama city beach,US,30.1766,-85.8055,92,Shores of Panama
445,perambalur,IN,11.2333,78.8833,42,No hotel found
446,dunedin,NZ,-45.8742,170.5036,71,Scenic Hotel Dunedin City
447,calvinia,ZA,-31.4707,19.776,20,No hotel found
448,maues,BR,-3.3836,-57.7186,52,No hotel found
449,kariong,AU,-33.44,151.3011,83,Bella Vista Motel
450,san antonio de pale,GQ,-1.4014,5.6325,83,No hotel found
451,swan hill,AU,-35.3378,143.5544,68,Murray Downs Golf Resort
452,paducah,US,37.0834,-88.6001,97,The 1857 Hotel
453,ugoofaaru,MV,5.6667,73.0,79,No hotel found
454,santa ana,US,33.7456,-117.8678,34,Holiday Inn Express
455,mil'kovo,RU,55.6078,37.7956,90,Дрозды
456,senador pompeu,BR,-5.5881,-39.3717,56,No hotel found
457,donetsk,UA,48.0,37.8,37,Park Inn by Radisson Donetsk
458,dali,CN,25.7,100.1833,85,风花雪月大酒店
459,chumphon,TH,10.3333,98.8333,92,No hotel found
460,kalkaman,KZ,51.9525,76.0211,34,No hotel found
461,sitrah,BH,26.1547,50.6206,50,No hotel found
462,keningau,MY,5.3378,116.1602,95,Perkasa Hotel Keningau
463,janeng,BW,-25.4167,25.55,7,No hotel found
464,fortuna,US,40.5982,-124.1573,77,Comfort Inn & Suites Redwood Country
465,taulaga,AS,-11.0553,-171.0883,79,No hotel found
466,peace river,CA,56.2501,-117.286,70,New Ridge Inn
467,port augusta,AU,-32.5,137.7667,71,Hotel Commonwealth
468,uturoa,PF,-16.7333,-151.4333,80,Hawaiki Nui hotel
469,ernei,RO,46.605,24.6415,35,Hotel Apollo
470,swakopmund,,-22.6833,14.5333,85,Amanpuri Travellers Lodge
471,andrews,US,32.3187,-102.5457,94,Oakwood Suites
472,aykhal,RU,66.0,111.5,88,Уют
473,kaifeng,CN,34.7911,114.3483,67,JinjiangInn(Kaifeng)
474,le morne-rouge,MQ,14.7667,-61.1333,80,L'Auberge de la Montagne Pelée
475,cantanhede,BR,-3.6333,-44.3767,64,No hotel found
476,springs,ZA,-26.25,28.4,29,Manhattan Hotel & Action Bar
477,box elder,US,41.5005,-112.8764,60,No hotel found
478,strezhevoy,RU,60.7333,77.5889,87,"Гостиница ""Сибирячка"""
479,center,US,31.5107,-96.4247,83,No hotel found
480,caohe,CN,30.2297,115.4335,63,No hotel found
481,kristiansund,NO,63.1115,7.732,81,Comfort Hotel Fosna
482,novoderevyankovskaya,RU,46.3231,38.7472,41,No hotel found
483,gloucester point,US,37.254,-76.4969,94,Duke Of York
484,angarsk,RU,52.5367,103.8864,71,Олимпиада
485,hutchinson island south,US,27.2995,-80.2205,93,Vistana Beach Club 1
486,puerto lempira,HN,15.2667,-83.7667,92,Hotel Samaritano
487,tuburan,PH,6.6439,122.2736,77,No hotel found
488,carutapera,BR,-1.195,-46.02,66,No hotel found
489,san patricio,US,28.017,-97.5169,89,No hotel found
490,turkmenbasy,TM,40.0222,52.9552,33,Hazar Myhmanhanasy
491,plastun,RU,44.7561,136.2939,90,Россияночка
492,conception bay south,CA,47.4999,-52.9981,93,No hotel found
493,koungheul,SN,13.9833,-14.8,59,Auberge Keur Ghan
494,barguzin,RU,53.6167,109.6167,69,No hotel found
495,chui,UY,-33.6971,-53.4616,70,Alerces
496,newport,GB,51.5877,-2.9984,81,Queens Hotel
497,ghanzi,BW,-21.5667,21.7833,5,Ghanzi farmhouse
498,kaposvar,HU,46.3667,17.8,32,Hotel Dorottya
499,port douglas,AU,-16.4833,145.4667,88,Mantra Aqueous Port Douglas
500,vuktyl,RU,63.8567,57.3094,94,Вуктыл
501,antofagasta,CL,-23.65,-70.4,81,Hotel Colón
502,vila do maio,CV,15.1333,-23.2167,77,Residencial Jardins De Maio
503,ringkobing,DK,56.0901,8.244,87,Town Living
504,cidreira,BR,-30.1811,-50.2056,85,Hotel Castelo
505,ascension,US,30.2169,-90.9001,90,Cajun Country Inn
506,lincheng,CN,19.9078,109.6858,82,小城之春假日酒店
507,linxia chengguanzhen,CN,35.6003,103.2064,63,如家酒店
508,nyandoma,RU,61.669,40.1991,88,Ростов
509,barah,SD,13.7,30.3667,19,No hotel found
510,mugia,ES,43.1041,-9.2179,46,Solpor do Coído
511,ribeira brava,PT,32.65,-17.0667,25,Cheerfulway Bravamar Hotel
512,palikir - national government center,FM,6.9248,158.1611,76,Mangrove Bay Hotel
513,horsham,GB,51.064,-0.3272,68,Premier Inn
514,menaka,ML,15.9182,2.4022,15,No hotel found
515,brezina,DZ,33.0989,1.2608,22,No hotel found
516,megalopoli,GR,37.4011,22.1422,29,No hotel found
517,aldan,RU,58.6031,125.3894,54,гостинница Велком Плаза
518,uyovu,TZ,-3.2833,31.5258,21,Hotels
519,inirida,CO,3.8653,-67.9239,97,Residencias El Turista del Guainia
520,funadhoo,MV,6.15,73.2667,82,JW Marriott Maldives Resort & Spa
521,ke-macina,ML,13.9623,-5.3572,36,No hotel found
522,cabedelo,BR,-6.9811,-34.8339,75,No hotel found
523,coxim,BR,-18.5067,-54.76,38,Avendita
524,taroudant,MA,30.4703,-8.877,11,Hotel Tiouit
525,piti village,GU,13.4626,144.6933,87,The Cliff Hotel
526,pangody,RU,65.85,74.4859,61,Газпром энерго
527,nemuro,JP,43.3236,145.575,80,イーストハーバーホテル
528,riacho de santana,BR,-13.6092,-42.9389,49,No hotel found
529,taksimo,RU,56.3444,114.8794,60,No hotel found
530,arawa,PG,-6.2132,155.5367,91,No hotel found
531,chertkovo,RU,49.3847,40.1547,37,No hotel found
532,saint-joseph,RE,-21.3667,55.6167,71,PALM Hotel & Spa
533,turpan,CN,42.9333,89.1667,18,Oriental
534,beypazari,TR,40.1675,31.9211,32,No hotel found
535,acapulco de juarez,MX,16.8634,-99.8901,88,Hotel del Valle
536,silopi,TR,37.2497,42.4694,23,özenler otel
537,lihue,US,21.9789,-159.3672,80,Kauai Palms
538,fada,NG,9.5667,8.3,61,No hotel found
539,bukama,CD,-9.2,25.85,17,Mission catholique
540,upata,VE,8.0086,-62.3989,93,Hotel Garibardi
541,gushu,CN,31.5598,118.4829,66,No hotel found
542,kayangel,PW,8.0823,134.7173,81,No hotel found
543,vanimo,PG,-2.6741,141.3028,86,CBC Guesthouse
544,hermiston,US,45.8404,-119.2895,64,Holiday Inn Express & Suites;Holiday Inn Express & Suites Hermiston Downtown
545,manthani,IN,18.65,79.6667,69,No hotel found
546,talara,PE,-4.5772,-81.2719,84,Hospedaje El Aypate
